{
    "scheduling_algorithm": "FCFS",
    "processes": [
        {
            "arrival": 0,
            "total_cpu_time": 2000
        },
        {
            "arrival": 23,
            "total_cpu_time": 63
        },
        {
            "arrival": 1000,
            "total_cpu_time": 20
        },
        {
            "arrival": 1023,
            "total_cpu_time": 55
        },
        {
            "arrival": 1033,
            "total_cpu_time": 87
        },
        {
            "arrival": 1400,
            "total_cpu_time": 332
        }
    ]
}